{"cameraMode":{"drawMode":0,"name":"Shaded","section":"Shading Mode"},"sceneLighting":false,"audioPlay":false,"sceneViewState":{"m_AlwaysRefresh":false,"showFog":true,"showSkybox":false,"showFlares":true,"showImageEffects":true,"showParticleSystems":true,"showVisualEffectGraphs":true,"m_FxEnabled":true},"in2DMode":false,"pivot":{"x":-0.6816120147705078,"y":0.5997791290283203,"z":8.548322677612305},"rotation":{"x":0.07723238319158554,"y":0.8903555274009705,"z":-0.16477766633033753,"w":0.4173106849193573},"size":0.5885622501373291,"orthographic":false}