{"cameraMode":{"drawMode":0,"name":"Shaded","section":"Shading Mode"},"sceneLighting":true,"audioPlay":false,"sceneViewState":{"m_AlwaysRefresh":false,"showFog":true,"showSkybox":true,"showFlares":true,"showImageEffects":true,"showParticleSystems":true,"showVisualEffectGraphs":true,"m_FxEnabled":true},"in2DMode":false,"pivot":{"x":6.6699934005737309,"y":10.711578369140625,"z":1.5230779647827149},"rotation":{"x":-0.012581437826156617,"y":0.8816429972648621,"z":-0.47116440534591677,"w":-0.02354918234050274},"size":12.12435531616211,"orthographic":false}